Id,Category
975185389999681537,positive
975185419993219072,positive
975185426716672003,positive
975185434148978688,neutral
975185490637967360,neutral
975185519461130240,positive
975185523273682944,neutral
975185548515074048,neutral
975185564545798144,positive
975185573836095490,positive
975185610779410432,neutral
975185660788334592,positive
975185750911168512,neutral
975185828568879104,neutral
975185870394482688,neutral
975185946671853568,neutral
975185958965399553,positive
975185978955649024,positive
975185983384645633,neutral
975186032118218754,positive
975186084907888646,neutral
975186092449185792,positive
975186172304486400,positive
975186175274098688,neutral
975186192885891072,neutral
975186224439808000,positive
975186315107975168,neutral
975186313941929984,positive
975186317716832258,neutral
975186382187520001,positive
975186398385983489,neutral
975186439246770177,neutral
975186451272011776,positive
975186452848914432,positive
975186528946311171,neutral
975186543097790464,neutral
975186570218262531,neutral
975186649654034438,positive
975186661247242240,neutral
975186703999696896,neutral
975186775240052736,neutral
975186804600115200,neutral
975186825420689409,positive
975186887404085248,positive
975186924343308288,neutral
975186947449667584,neutral
975186950821785601,neutral
975187176173522944,positive
975187384890372096,neutral
975187429060575232,neutral
975187431161933824,neutral
975187482751909889,neutral
975187483372605441,neutral
975187515018698752,neutral
975187597327650816,positive
975187620970905600,neutral
975187700306227200,neutral
975187775778467841,neutral
975187822201262082,neutral
975187859157078017,neutral
975187913351815169,neutral
975187954007199744,positive
975188080289370112,neutral
975188112136486917,neutral
975188146190241798,positive
975188288196657152,positive
975188361702002688,positive
975188444568739840,neutral
975188446770843648,neutral
975188507856584705,positive
975188556426678272,positive
975188579591876608,positive
975188668682878976,neutral
975188682943684608,positive
975188782029787136,neutral
975188787155357696,neutral
975188836207665152,neutral
975188883691491328,neutral
975188889496244224,neutral
975188925365891072,neutral
975188948526886912,positive
975189013916192769,positive
975189058530951168,neutral
975189227565699072,neutral
975189240551129089,positive
975189271568142336,neutral
975189363733745664,positive
975189364077555712,neutral
975189364937502720,positive
975189369744252928,neutral
975189475369390081,positive
975189527227613184,neutral
975189548547432448,neutral
975189553937084417,positive
975189600783056896,positive
975189638242435072,positive
975189918623281152,neutral
975189943818637314,neutral
975189965180055553,positive
975190037049430016,neutral
975190093374808064,positive
975190121359265792,neutral
975190137578586112,neutral
975190234597089282,positive
975190261163745280,neutral
975190261767778305,neutral
975190310971170816,neutral
975190327039442945,neutral
975190332374593536,positive
975190516848459776,neutral
975190551917035520,neutral
975190598486560769,neutral
975190617327206400,neutral
975190649799565312,neutral
975190668506214400,positive
975190670645248002,neutral
975190746314588160,positive
975190771648352256,positive
975190785929940992,positive
975190829449953280,neutral
975190846646632448,neutral
975190912421715968,positive
975191062774992899,positive
975191067229347841,neutral
975191101530402816,neutral
975191125643481088,neutral
975191140013084672,positive
975191174540681216,positive
975191219981639680,positive
975191267608006656,positive
975191298104688642,neutral
975191369907138560,positive
975191396993806336,positive
975191412617695233,positive
975191438110621701,neutral
975191511896768512,neutral
975191517877780480,positive
975191539902271488,positive
975191599671140352,positive
975191608218890240,neutral
975191659704066048,neutral
975191709049962496,neutral
975191768416256002,positive
975191778822316037,neutral
975191888201306113,neutral
975191898091597825,neutral
975191944765804545,positive
975192105009102848,neutral
975192314997084160,positive
975192406944550912,positive
975192491698790400,neutral
975192516717772800,neutral
975192577606479872,neutral
975192692522090496,positive
975192718468055040,positive
975192727901163520,positive
975192735790653442,neutral
975192745294925826,neutral
975192745395589120,neutral
975192767113629701,positive
975192793378410496,neutral
975192803641839619,neutral
975192999637475328,neutral
975193034588639232,positive
975193065336971264,positive
975193352692908032,neutral
975193569320345600,neutral
975193603453734912,positive
975193972065710080,neutral
975193971872976896,neutral
975193997915205632,neutral
975194089170919426,neutral
975194170355863552,positive
975194235317100544,neutral
975194270536642565,neutral
975194341416325120,positive
975194346696859648,positive
975194616789110784,neutral
975194903654277120,neutral
975194963536265216,positive
975194964010217474,neutral
975195091907284992,neutral
975195224476737536,positive
975195325995499521,positive
975195426004414464,neutral
975195429422985216,positive
975195515087278080,positive
975195603591364609,positive
975195606640504832,neutral
975195647560339458,neutral
975195908940992512,neutral
975195912912781312,neutral
975195925327966208,neutral
975195993531559936,neutral
975196226856603648,positive
975196317436661760,positive
975196333605875712,positive
975196340979314689,neutral
975196431211532288,positive
975196555891302401,positive
975196808518520833,positive
975196976277934080,neutral
975197316989706240,neutral
975197430412206080,positive
975197432643436549,positive
975197484636090369,neutral
975197597521596423,positive
975197603662004224,positive
975197645043101696,neutral
975197648939638784,positive
975197721450766336,positive
975197880297246720,positive
975197906545373185,positive
975197981417734144,positive
975198022895374336,neutral
975198083427520512,neutral
975198153195577344,neutral
975198244178362368,positive
975198268857638913,positive
975198529302839296,neutral
975198696341061633,positive
975198930836316161,positive
975198943993892864,positive
975198992576397312,positive
975198991691390977,positive
975199488112553984,positive
975199488712302592,neutral
975199628688699392,neutral
975199630555168770,neutral
975199670740795393,neutral
975199784062636033,positive
975199799904387072,neutral
975199800168562688,neutral
975199912714412032,neutral
975200006331183105,neutral
975200069380182016,neutral
975200105010692097,positive
975200122156929025,positive
975200126145740800,positive
975200156944687104,neutral
975200171003863042,neutral
975200305779564545,positive
975200392966561792,positive
975200432527106048,neutral
975200482045124609,neutral
975200639692271616,neutral
975200919297187840,positive
975200928897777664,neutral
975200936543993856,neutral
975201001136271361,neutral
975201191096410112,positive
975201272570658816,neutral
975201273828974592,neutral
975201392628523008,neutral
975201510702239744,neutral
975201644584493056,neutral
975201662091456513,neutral
975201734997020677,positive
975201813858107392,neutral
975201913955344385,neutral
975201990824419328,neutral
975202008402747392,positive
975202103072210944,neutral
975202311386443776,neutral
975202467804717056,neutral
975202482413621248,positive
975202564391297025,neutral
975202606665486336,neutral
975202681785602048,neutral
975202865848315906,neutral
975202965182140416,neutral
975202980973592576,neutral
975202984731774976,positive
975203038041325568,positive
975203109499584512,neutral
975203141183528961,neutral
975203191209021440,neutral
975203260159135744,positive
975203269457752065,neutral
975203341872504832,neutral
975203364081360896,neutral
975203375385112576,neutral
975203481144438784,positive
975203518322651141,neutral
975203592314368001,neutral
975203615852838912,neutral
975203627567538177,neutral
975203649075822592,neutral
975203691652300800,neutral
975203766499606528,neutral
975203783134318592,positive
975203817888370688,positive
975203871365705728,positive
975203901099167749,positive
975204015544791040,neutral
975204161544310785,neutral
975204255245258752,neutral
975204449932132352,neutral
975204665938780161,neutral
975204888643645440,neutral
975205001122516992,neutral
975205139307839488,neutral
975205186921746433,positive
975205238759071746,positive
975205281964568577,positive
975205342987501568,positive
975205425753681921,neutral
975205429620936706,positive
975205432930291712,positive
975205494309601280,neutral
975205515956338688,neutral
975205549720530944,neutral
975205584692699136,neutral
975205623435374599,neutral
975205636748206080,neutral
975205637087887360,positive
975205722362331137,neutral
975205822828486656,neutral
975205842340294656,neutral
975205870144499712,neutral
975205916143267842,positive
975205928289972225,neutral
975205966885998592,neutral
975206157672468480,neutral
975206249313660928,neutral
975206311183790080,neutral
975206610007027712,positive
975206761471803392,positive
975206811644043264,neutral
975206830627581952,positive
975206850302918656,neutral
975206858368589824,neutral
975206876718813187,positive
975206909455183872,neutral
975206933308346368,neutral
975206936261033985,neutral
975206979001028608,neutral
975207048198553601,neutral
975207062941581313,neutral
975207083292282880,neutral
975207136950128641,positive
975207204075667456,positive
975207276565975040,neutral
975207351555796992,positive
975207365547970560,neutral
975207377585651713,neutral
975207465737388032,neutral
975207489854693376,neutral
975207494766051329,neutral
975207532879736834,neutral
975207570339135488,positive
975207624273571840,neutral
975207634893553664,neutral
975207683757293569,neutral
975207706117189633,neutral
975207717991202818,neutral
975207756163698688,neutral
975207760408162305,neutral
975207791710351360,positive
975207817929023488,neutral
975207832441139200,neutral
975207839642935296,neutral
975207839802171392,neutral
975207878117257216,neutral
975207887588020224,neutral
975207926880260096,neutral
975207978092515328,neutral
975208011101741056,positive
975208024171335680,neutral
975208054110089222,neutral
975208063895416832,neutral
975208116836061190,neutral
975208179943424000,neutral
975208200814215168,neutral
975208206786904065,neutral
975208318603091975,positive
975208323032100864,neutral
975208348114075648,neutral
975208363586764800,neutral
975208469300211712,positive
975208551600795650,positive
975208576238075904,neutral
975208615740022785,neutral
975208629912592384,neutral
975208642785042432,neutral
975208643640594432,positive
975208649621569539,neutral
975208652079550464,neutral
975208738138345472,neutral
975208755326406656,neutral
975208762209267712,neutral
975208788499353600,neutral
975208806526337024,positive
975208951141695488,positive
975208954639802373,neutral
975208970641117185,neutral
975209021664710656,positive
975209053298348032,neutral
975209078736658433,neutral
975209140510314496,positive
975209156712869889,neutral
975209198186266624,positive
975209226187542528,neutral
975209325491703808,neutral
975209494698479616,neutral
975209530811297792,positive
975209679063322624,positive
975209709845102594,positive
975209722499526656,neutral
975209761712025600,neutral
975209806494498817,neutral
975209892356108288,neutral
975209955975401472,positive
975209957850152960,positive
975210025986740224,neutral
975210038410334209,neutral
975210047406919680,neutral
975210075974352896,neutral
975210143255113729,positive
975210182002143232,neutral
975210194174205952,positive
975210201547726849,positive
975210217079263234,positive
975210231109005313,positive
975210251548012544,positive
975210310880514048,neutral
975210315083341825,positive
975210332883996672,neutral
975210367671513088,positive
975210394418589696,neutral
975210465486934016,positive
975210479118356481,neutral
975210554100011008,neutral
975210559732895744,positive
975210564015218690,neutral
975210591785836544,positive
975210669401427968,positive
975210704230760448,positive
975210744454070273,positive
975210754289950720,neutral
975210862079193089,positive
975210958313279488,neutral
975210976227115009,neutral
975210977473040384,positive
975211066127998976,neutral
975211084197003266,neutral
975211118476972032,positive
975211247321866240,positive
975211260215115776,neutral
975211377093763072,neutral
975211508203339776,positive
975211558941831168,neutral
975211607167975424,positive
975211707604840448,neutral
975211778362589184,neutral
975211897078218753,positive
975211905571725312,neutral
975211967576182785,positive
975212035205222400,neutral
975212074778456064,neutral
975212150582018048,neutral
975212181485649921,positive
975212256186138624,neutral
975212311312060416,positive
975212318886776832,neutral
975212572730429440,neutral
975212662568075265,neutral
975212735096115200,positive
975212738275430400,positive
975212773373128704,neutral
975212878344028160,neutral
975212936020062209,positive
975212968542535680,neutral
975213072272052224,neutral
975213142228705280,positive
975213176412364800,positive
975213254703136768,positive
975213308356780032,positive
975213407816339456,neutral
975213571096367104,neutral
975213598803972096,positive
975213646983790592,positive
975213662154637313,positive
975213704231858176,neutral
975213780874362880,neutral
975213792824102912,neutral
975213913615855616,positive
975213914685259776,positive
975213937636524037,positive
975213987062099968,positive
975214018754265089,neutral
975214076866547713,neutral
975214095602409472,neutral
975214114178990080,neutral
975214203593109504,neutral
975214218390618112,positive
975214266964836352,neutral
975214282966257664,positive
975214301043503105,positive
975214380357996544,neutral
975214417951440896,positive
975214484787576832,neutral
975214498448662528,positive
975214511874543618,positive
975214703692664833,neutral
975214810680840193,neutral
975214815357497346,neutral
975214830184488961,positive
975215004189429762,neutral
975215011457941504,positive
975215012334751746,positive
975215070790672384,neutral
975215082828283905,neutral
975215164986294272,neutral
975215174767362048,positive
975215281533603840,positive
975215281365663746,neutral
975215285299851265,positive
975215325825327104,neutral
975215350051721216,neutral
975215376878379008,positive
975215423925846017,neutral
975215446067589120,positive
975215505933062144,positive
975215530016722944,neutral
975215602834001921,positive
975215692139020288,neutral
975215717040738304,positive
975215731326373888,positive
975215884334608384,positive
975215932048998400,neutral
975216079130775552,positive
975216223720886273,neutral
975216331149553665,neutral
975216363332558848,neutral
975216409109123072,positive
975216468139937792,neutral
975216510821064704,positive
975216554265657345,positive
975216601812234240,neutral
975216628433432576,neutral
975216638487273472,neutral
975216737523089410,neutral
975216748898250752,positive
975216856360513541,neutral
975216864811917312,neutral
975216886014099456,neutral
975216971376570368,neutral
975216983271645184,positive
975217078293577729,positive
975217111541825536,positive
975217125143924736,neutral
975217153744953345,neutral
975217207981428736,neutral
975217270942126081,neutral
975217382267412480,positive
975217444141768704,positive
975217588430020608,neutral
975217628850499584,positive
975217662602100737,neutral
975217768445325312,neutral
975217777928675328,neutral
975217786875207680,positive
975217805145423872,neutral
975217854365687808,neutral
975217888192643073,positive
975217916562952192,positive
975217961433731072,neutral
975217993847156736,neutral
975218060868153344,neutral
975218092610486273,positive
975218134893322240,neutral
975218148482822144,neutral
975218173304688640,positive
975218255622270976,positive
975218296386662401,positive
975218361230540800,neutral
975218428549017601,neutral
975218438200164353,positive
975218503534960641,positive
975218632010604544,neutral
975218697592868864,neutral
975218727707963396,positive
975218773295734784,neutral
975218800999223297,positive
975218843030294534,neutral
975218901830242305,neutral
975218944360370176,positive
975218998529859584,positive
975219039915126784,positive
975219121402064896,neutral
975219261663731712,neutral
975219289832566784,neutral
975219318915973120,neutral
975219417087819776,positive
975219437891497984,neutral
975219455851679744,positive
975219457587953664,positive
975219562105929729,neutral
975219786123636738,neutral
975219966633848833,neutral
975220011064287232,neutral
975220171882278912,neutral
975220217898061825,neutral
975220246251372544,neutral
975220330083115009,positive
975220336487739393,neutral
975220448114958342,neutral
975220461926694917,neutral
975220474652262400,positive
975220485670633473,positive
975220509217468419,neutral
975220527617814529,positive
975220559079337985,positive
975220633897324544,positive
975220693364236288,neutral
975220745973284864,neutral
975220756404756481,positive
975220995534471169,positive
975221108692672513,positive
975221106972835840,neutral
975221166406160384,positive
975221242453045248,neutral
975221252079022080,neutral
975221256936214529,positive
975221392835723265,positive
975221427824615424,neutral
975221435743526912,neutral
975221647451086848,neutral
975221657802428416,positive
975221713603461122,neutral
975221717692903424,neutral
975221902561239041,neutral
975221908550504448,positive
975221908802174976,neutral
975221919569072128,neutral
975222038800445441,neutral
975222039786135552,neutral
975222150389948416,neutral
975222463079550976,neutral
975222463754915840,neutral
975222470826274816,positive
975222490711580672,positive
975222529823531008,neutral
975222544608440321,positive
975222767862865921,positive
975222780059844609,neutral
975222854848409600,positive
975222891808722944,positive
975222911156961281,neutral
975222926604689408,positive
975222956703059968,neutral
975222970066096128,neutral
975222997836550144,positive
975223008490147840,positive
975223013669916672,positive
975223045274025985,positive
975223062596673536,neutral
975223103319048193,positive
975223237125619712,positive
975223316402360320,positive
975223327240290305,positive
975223404184784896,positive
975223413466841088,positive
975223460786946049,positive
975223506752303104,positive
975223631318999040,neutral
975223651673886720,positive
975223672498614274,positive
975223727842619392,neutral
975223779575054337,positive
975223876572495872,positive
975223934588276736,neutral
975224009846611968,neutral
975224172065439746,neutral
975224222514479106,neutral
975224269499072512,neutral
975224304140013568,neutral
975224462412001282,neutral
975224497572859904,neutral
975224520863776768,neutral
975224532599558173,neutral
975224538765012992,positive
975224585858646016,neutral
975224608377905153,positive
975224741316448256,positive
975224763458060288,neutral
975224855296708609,neutral
975224978499973122,neutral
975225029565718528,positive
975225221526540289,positive
975225263444373506,neutral
975225287117074432,positive
975225354091573249,positive
975225436396539904,positive
975225471372701696,neutral
975225475005022208,neutral
975225483297083392,neutral
975225494290378752,positive
975225498614804480,neutral
975225908335439872,positive
975225916572958720,positive
975226065969864704,positive
975226117526351873,positive
975226150535413761,neutral
975226189282340864,neutral
975226192843325442,positive
975226227161051136,positive
975226255187484672,positive
975226319494569984,neutral
975226403690958848,neutral
975226406320840704,positive
975226505042079744,positive
975226648374194176,positive
975226876934402048,positive
975226882907148289,positive
975226956399587329,positive
975226997520478208,positive
975227173073174528,neutral
975227202148081664,neutral
975227268644724741,positive
975227304556224513,positive
975227315411083264,positive
975227382951899136,neutral
975227417869668353,neutral
975227433476501504,neutral
975227450404700160,positive
975227477822922753,neutral
975227559968296960,neutral
975227585188724736,neutral
975227612275421184,neutral
975227699810545670,positive
975227837950050304,neutral
975227847706017792,neutral
975227858456141824,positive
975228134826983425,positive
975228150123659264,neutral
975228201029877760,neutral
975228487467352064,neutral
975228505699975168,positive
975228519683784704,positive
975228519641841664,positive
975228883585953792,positive
975228978117033985,neutral
975228981854138368,neutral
975229744999378944,positive
975229821809807360,positive
975229870031687680,positive
975229902134829057,neutral
975229944354746368,positive
975230097899728896,positive
975230177629229057,positive
975230207593295872,neutral
975230520794624000,neutral
975230639065714688,positive
975230647353724928,neutral
975230672141877248,positive
975230680748707840,positive
975230716463099905,positive
975230856200470530,neutral
975230886919720960,neutral
975230905563234305,neutral
975230925712777216,neutral
975230943207219201,neutral
975230994553819136,neutral
975231144995176454,positive
975231300406620161,neutral
975231370455801856,neutral
975231415183749120,neutral
975231434578259968,positive
975231504820314112,neutral
975231524453797888,neutral
975231720168464385,neutral
975232047756165121,positive
975232134259576832,neutral
975232198436622336,neutral
975232263108644864,positive
975232311619760128,positive
975232339700695040,neutral
975232389931663360,neutral
975232414342623232,positive
975232455685718017,neutral
975232470386798592,neutral
975232602251583489,positive
975232633637449728,neutral
975232735592656896,neutral
975232753095634944,positive
975232838785257472,positive
975232891981631488,neutral
975232904748990464,positive
975232905969577985,neutral
975232933676990464,neutral
975233056058441728,neutral
975233122416541698,neutral
975233279803699200,neutral
975233499291529216,positive
975233627314204672,neutral
975233669076889600,neutral
975233697115975691,positive
975233836731850757,positive
975233861511712768,positive
975233940389687297,positive
975234260146835456,neutral
975234317570867200,neutral
975234338731196416,neutral
975234436282200064,positive
975234542838497280,positive
975234592612302850,neutral
975234689807015936,positive
975234831331180544,positive
975234960779984897,positive
975235005575294977,neutral
975235087515058177,positive
975235129663807488,positive
975235162656182273,neutral
975235186446266368,neutral
975235241848770560,positive
975235247318192129,positive
975235256470163457,positive
975235367912771584,neutral
975235409520267264,positive
975235432215662593,neutral
975235445297762304,positive
975235467745615873,neutral
975235614969868288,neutral
975235620246188032,neutral
975235628186198017,positive
975235660817690625,neutral
975235827763572736,positive
975235947657814017,positive
975236076624400385,neutral
975236110975582210,positive
975236153262641152,neutral
975236164004253697,neutral
975236297701888001,positive
975236332762083328,positive
975236356531261440,neutral
975236411946254337,neutral
975236474630160384,neutral
975236534361243648,positive
975236547611066368,positive
975236583837245441,neutral
975236617517522944,neutral
975236641668268033,neutral
975236775026204673,neutral
975236780277379072,neutral
975236815450968064,neutral
975237009626169344,neutral
975237245585076224,neutral
975237293379211264,positive
975237332595982336,neutral
975237353492029440,neutral
975237388686553089,neutral
975237427542413313,neutral
975237510778445825,neutral
975237574045270016,positive
975237632673202176,neutral
975237649727279104,neutral
975237711211704321,positive
975237757252526080,positive
975237765515358209,neutral
975237796016222209,neutral
975237823535104000,positive
975237990472732673,neutral
975237999658176512,neutral
975238025520340997,neutral
975238034668048384,positive
975238043824160768,neutral
975238188448051200,neutral
975238273688834048,positive
975238315120107520,positive
975238380337287169,neutral
975238382493294592,neutral
975238398616141824,neutral
975238421143683078,neutral
975238431499579392,neutral
975238683090501633,neutral
975238775776321536,positive
975238808483479552,neutral
975238813445320704,neutral
975238892734435328,neutral
975238919536046082,neutral
975238940000010241,positive
975238950003515393,positive
975238969972723713,neutral
975239153108570112,neutral
975239166001930240,neutral
975239267977904128,neutral
975239426027634689,positive
975239522568065026,positive
975239529849384960,positive
975239808476835840,positive
975240032335183872,positive
975240104842289154,positive
975240208907108352,positive
975240573496983552,positive
975240605470257152,positive
975240954264289281,positive
975241064746336257,positive
975241380556546048,neutral
975241476593430529,neutral
975241584118661120,neutral
975241607669673984,neutral
975241874708381702,positive
975242099778977792,positive
975242215629860869,neutral
975242295971782656,positive
975242617989554176,neutral
975242700789346304,neutral
975242704509718528,neutral
975242824450011138,positive
975242959418478593,neutral
975242977902768128,neutral
975243101114544129,neutral
975243135927250945,positive
975243141614682112,neutral
975243490006151168,neutral
975243512324206592,positive
975243673221951488,positive
975243687864147968,neutral
975243694273105921,positive
975243955104182273,neutral
975244214471544833,neutral
975244552402485248,positive
975244565975203840,neutral
975244809634902017,neutral
975244896784338944,neutral
975244919601168384,neutral
975244968187973632,neutral
975244984042643456,positive
975245118906257409,positive
975245236506058752,neutral
975245312720756736,neutral
975245488881586176,neutral
975245605722181633,neutral
975245635740979200,positive
975245640254083072,positive
975245644758568960,neutral
975245674903101442,neutral
975245713847341056,neutral
975245742062288896,neutral
975245815500427264,neutral
975245844646678528,neutral
975245874530889728,neutral
975246150927298560,positive
975246181671620609,neutral
975246404779171845,neutral
975246475511738373,neutral
975246492683284480,neutral
975246533531750400,positive
975246581975969792,neutral
975246617128267776,neutral
975246670438027265,neutral
975246690902007808,positive
975246708782198785,neutral
975246834238029824,neutral
975246846107910145,neutral
975246904513609729,positive
975247038764871680,neutral
975247074089316353,neutral
975247288300793856,positive
975247336703082497,positive
975247411433021441,neutral
975247449047687168,neutral
975247515229417473,positive
975247715973128193,neutral
975247777159507969,neutral
975247823259291648,positive
975247828413964288,positive
975247861888634880,neutral
975247892028932096,positive
975247953131593729,neutral
975248019623878657,neutral
975248022916313088,neutral
975248051165114368,neutral
975248081343180800,neutral
975248083322834944,neutral
975248131532120064,neutral
975248284850819072,positive
975248336897937408,neutral
975248418447671296,positive
975248636304068608,positive
975248656478756864,neutral
975248876625051649,neutral
975248947953352704,positive
975249131840012289,neutral
975249149179215872,neutral
975249210084794369,neutral
975249211271688192,neutral
975249216074260480,positive
975249216124502016,positive
975249273871740929,positive
975249349469913089,neutral
975249510342561794,neutral
975249560447614977,neutral
975249594165719041,positive
975249607826395136,neutral
975249628294610945,neutral
975249661282824192,positive
975249662687903744,positive
975249804732305408,neutral
975249930423029760,neutral
975250015252893696,neutral
975250091622707201,positive
975250120139829248,positive
975250123058851841,positive
975250218768838656,neutral
975250285047185408,positive
975250326184976384,positive
975250360213426176,positive
975250502266114048,neutral
975250504149331968,positive
975250517512335360,neutral
975250522222612480,positive
975250532901310464,positive
975250537145929728,neutral
975250655303688192,positive
975250656150933504,neutral
975250722806812672,positive
975250726019411968,positive
975250737897885697,positive
975250756973596672,positive
975250760266022912,positive
975250824992579584,positive
975250893879865344,positive
975250977329729536,positive
975250999811149824,positive
975251000473735169,neutral
975251007176192000,neutral
975251016772853760,neutral
975251037262110720,neutral
975251108443471872,positive
975251170175455233,positive
975251191734022145,positive
975251203876642816,positive
975251241206013952,positive
975251457116196866,neutral
975251498681667584,positive
975251553769672704,positive
975251587953180672,positive
975251610682253312,positive
975251677619122176,neutral
975251682723618816,positive
975251683767971840,neutral
975251949569363969,neutral
975252044809322496,neutral
975252088971198464,positive
975252105920331776,neutral
975252117102370816,positive
975252301299507200,positive
975252327069188096,positive
975252346770018305,neutral
975252393460875264,neutral
975252396648607744,positive
975252534205050880,positive
975252559496609792,positive
975252577016147968,neutral
975252579952324608,positive
975252650903199744,positive
975252667307094017,positive
975252705332494338,neutral
975252717391269888,positive
975252850136748033,positive
975252866830127104,neutral
975252962619539459,positive
975253036930015232,positive
975253052071399424,neutral
975253071541321730,positive
975253090684334080,neutral
975253116726718464,neutral
975253125866184705,positive
975253147496140801,neutral
975253186083667968,positive
975253243256123392,positive
975253251418443776,positive
975253279402684416,neutral
975253375192219648,positive
975253533804105728,neutral
975253659603775488,neutral
975253674879475712,neutral
975253698048753665,neutral
975253719280308224,neutral
975253743603138560,neutral
975253767934263296,neutral
975253796392759296,positive
975253824905474048,neutral
975253834011312128,neutral
975254255136276487,neutral
975254352611823616,positive
975254361403109376,neutral
975254417535479813,neutral
975254557478543360,neutral
975254562029289474,positive
975254651686793216,positive
975254739465093120,positive
975254921095368704,positive
975255262243250176,positive
975255290458210304,neutral
975255405319376897,neutral
975255438588563456,positive
975255571061510144,positive
975255831200649216,positive
975255889107148800,neutral
975255933717708800,positive
975255970875101184,neutral
975256021479272448,positive
975256026126651392,positive
975256032782925825,neutral
975256063447465984,positive
975256112202113024,neutral
975256253919215616,neutral
975256266548371458,neutral
975256280687243264,neutral
975256288547495936,neutral
975256292225900544,neutral
975256310366294016,positive
975256335913832449,neutral
975256393115553794,neutral
975256411646152704,neutral
975256432227450880,neutral
975256434018418688,neutral
975256436472135680,positive
975256442813939713,positive
975256472895524864,positive
975256516424077313,neutral
975256530734993409,positive
975256585688764416,positive
975256717318434817,neutral
975256759131451392,positive
975256800655171585,neutral
975256858360471554,positive
975256896784416768,neutral
975256908939571202,positive
975256958688141312,positive
975256963528368128,neutral
975256989688201217,neutral
975256995593900033,positive
975257091014262784,positive
975257106201874432,positive
975257145905156097,positive
975257242550308864,positive
975257256446124032,neutral
975257325886951425,positive
975257438130659328,neutral
975257475963408385,positive
975257496263839744,positive
975257585917026304,neutral
975257618468945920,positive
975257641047023617,positive
975257712090124288,positive
975257765135319040,neutral
975257767475687424,neutral
975257790674436096,neutral
975257795208536064,neutral
975257816406650880,positive
975257839215181826,neutral
975258027094781952,positive
975258034434912257,positive
975258038687944704,positive
975258053682479104,positive
975258112214093825,neutral
975258228740116480,neutral
975258313297448960,neutral
975258353193676800,positive
975258478611779584,neutral
975258768886976513,positive
975258977821863938,positive
975259011934236672,positive
975259158650826752,neutral
975259187016970240,neutral
975259195149836288,positive
975259229878661122,positive
975259298648424449,positive
975259345922461698,positive
975259445054681088,neutral
975259485970210816,positive
975259494132232192,neutral
975259577154285571,positive
975259577930452992,positive
975259583324176384,neutral
975259587225030657,positive
975259610834640898,neutral
975259642719858689,positive
975259667046658048,positive
975259705869324288,neutral
975259712156504064,positive
975259777226944513,positive
975259805387501568,positive
975260053535182848,positive
975260073231552513,positive
975260124129497089,neutral
975260299778510848,positive
975260385463980032,positive
975260428602302464,neutral
975260490707353600,neutral
975260589982437376,neutral
975260612069658624,positive
975260612631629824,positive
975260615169191937,positive
975260616649621505,neutral
975260829628149760,neutral
975260879758479360,neutral
975260907210129408,positive
975260943335686144,neutral
975260993025581056,neutral
975260995957547008,positive
975261034821828608,positive
975261086751576064,neutral
975261123992723456,neutral
975261156976840705,neutral
975261254934605824,positive
975261303727063040,positive
975261326086897669,positive
975261326355218432,neutral
975261357921710080,neutral
975261440025268225,positive
975261594165960704,positive
975261597231976448,positive
975261711707004928,neutral
975261712961032193,neutral
975261755541778432,positive
975261770284781569,positive
975261777482211329,neutral
975261784931291141,positive
975261806368305152,positive
975261916145729536,neutral
975261969417687040,positive
975261983430684672,neutral
975262116432105472,neutral
975262178772074496,neutral
975262190277136384,positive
975262193678565376,positive
975262201215930368,neutral
975262287215738881,positive
975262288910344193,neutral
975262309609328640,neutral
975262348431773696,neutral
975262352919744514,neutral
975262423715385344,neutral
975262463158571014,neutral
975262599464943616,positive
975262618784030720,neutral
975262645774376960,neutral
975262698236731392,positive
975262755233165312,neutral
975262824724402178,positive
975262859428028418,neutral
975262861474910208,positive
975262920702595074,positive
975262981109026817,positive
975263057231400960,positive
975263281823744000,neutral
975263322223337472,positive
975263432898482176,positive
975263498249875457,neutral
975263529983971328,positive
975263529946132482,positive
975263576066854912,positive
975263580063916032,neutral
975263704953577472,positive
975263732556218368,neutral
975263754018574336,neutral
975263807584047104,positive
975263844971851776,positive
975263858360246272,positive
975263993265901569,positive
975264000366784512,positive
975264022734999552,positive
975264091689295872,positive
975264178515664896,positive
975264298862825472,neutral
975264348452073472,neutral
975264370149093379,positive
975264396342648833,positive
975264432736514049,neutral
975264522691842053,neutral
975264548969242624,positive
975264576643223554,neutral
975264606594592768,neutral
975264714484719616,positive
975264733153685504,positive
975264741596827648,neutral
975264743140151298,positive
975264810844807170,positive
975264825264754688,neutral
975264917870862336,positive
975264940859805696,positive
975264952821932032,positive
975265011072290816,neutral
975265034472476673,neutral
975265118325018624,neutral
975265293785288704,positive
975265320196767744,positive
975265322247819264,positive
975265312055554048,neutral
975265356238413825,positive
975265363599400960,positive
975265382687678464,neutral
975265394918346753,positive
975265482688344064,positive
975265492968423425,neutral
975265551336509440,neutral
975265551894249473,positive
975265623440871429,positive
975265654348578816,neutral
975265662544134144,neutral
975265673600491520,positive
975265680575483904,neutral
975265734342430720,neutral
975265835538362378,positive
975265836658298880,positive
975265854832173057,positive
975265856237154305,positive
975265856904159232,positive
975265859223609344,positive
975265872678813697,positive
975265884880154624,neutral
975265910071144449,neutral
975265922746208256,positive
975265945332666368,positive
975266050827677697,positive
975266085351182336,neutral
975266086454157313,positive
975266148928380928,neutral
975266209074626560,positive
975266323973382144,neutral
975266326628282369,neutral
975266329753104391,neutral
975266334089949184,neutral
975266337999044609,neutral
975266346219941888,positive
975266348233195520,neutral
975266350531674112,neutral
975266352624648192,neutral
975266354876989440,positive
975266359675273216,neutral
975266439241191424,neutral
975266469968621568,positive
975266494383734785,neutral
975266568224489472,neutral
975266569398861824,neutral
975266570476830720,neutral
975266571680546816,neutral
975266574134231041,positive
975266575245656065,neutral
975266576436838402,neutral
975266577758089216,neutral
975266572850745344,neutral
975266665515634688,positive
975266667864477696,positive
975266669911334912,neutral
975266708553392128,positive
975266715151060992,positive
975266719559118848,neutral
975266744817389568,positive
975266822147764225,neutral
975267076997709825,neutral
975267154210836481,positive
975267155926224896,neutral
975267157746561024,positive
975267159529140225,neutral
975267166097461255,positive
975267189606449153,positive
975267207151206400,neutral
975267215346978816,positive
975267330904215552,positive
975267459191238657,positive
975267489767743488,positive
975267495908118528,positive
975267498022105090,neutral
975267500123410432,neutral
975267502115651584,neutral
975267503986311168,positive
975267517424742401,positive
975267579819446273,positive
975267635515420673,positive
975267657795686400,neutral
975267667362959360,positive
975267707967897600,positive
975267784472039424,positive
975267810883588096,positive
975267950419623936,positive
975267976214601728,neutral
975268075783073792,positive
975268104325550080,positive
975268189952270341,positive
975268224538464256,positive
975268228611133440,positive
975268486141431811,neutral
975268528600244225,positive
975268569104683008,positive
975268794963759104,positive
975268858209554434,positive
975268900899258368,positive
975268918859390976,positive
975268926077640704,positive
975268980087775232,positive
975269009531715584,neutral
975269019384274945,positive
975269061088174080,positive
975269130516549632,neutral
975269171335454720,positive
975269198883622912,positive
975269224338939904,positive
975269268228071424,positive
975269338335907840,positive
975269464869490690,neutral
975269485455314944,positive
975269567915315200,neutral
975269579202154497,neutral
975269584675598337,positive
975269673209155584,positive
975269752594714624,neutral
975269754364747776,positive
975269760811315201,neutral
975269769707433984,neutral
975269780419678208,neutral
975269811109449729,neutral
975269819992952832,neutral
975269829388226563,positive
975269842273079296,neutral
975269843493531648,positive
975269846354022403,neutral
975269859956346880,neutral
975269958920953857,neutral
975270033558564864,positive
975270046623674368,neutral
975270060246913024,positive
975270110385631232,positive
975270116089827328,positive
975270117587202048,positive
975270141452632064,positive
975270193982312448,positive
975270204967186432,neutral
975270363780100096,neutral
975270415193944065,neutral
975270446328434688,neutral
975270459569614848,neutral
975270468486770689,positive
975270552259710979,positive
975270600720769024,neutral
975270616067661824,positive
975270721793462272,positive
975270744048521217,positive
975270777842003970,positive
975270808942710785,positive
975270819558559745,positive
975270869252501504,positive
975270920972587008,positive
975270951339417600,positive
975270966094737408,positive
975270995102707713,positive
975271077147545602,positive
975271107061272576,neutral
975271178876211200,positive
975271231455973376,positive
975271276536320000,positive
975271292235530240,positive
975271296828243968,neutral
975271331045564417,positive
975271409504186368,positive
975271524860080128,positive
975271619273793538,neutral
975271635614883840,positive
975271760416399360,neutral
975271836341669889,positive
975271852204535808,neutral
975271876359372800,positive
975271887138832384,positive
975271896362053633,positive
975271902892773376,positive
975271906407428096,neutral
975271916624736258,neutral
975271929081769984,neutral
975271938439262208,positive
975271948765638656,neutral
975271950791651328,neutral
975271966327189505,neutral
975271975865077760,neutral
975271990671167488,positive
975272026473664512,positive
975272121009082371,neutral
975272192534392832,neutral
975272273186828288,neutral
975272285400571905,positive
975272329944080386,neutral
975272391008976901,positive
975272465805934592,positive
975272472655282178,neutral
975272519081984003,neutral
975272534257164288,positive
975272682190077953,neutral
975272698568900608,neutral
975272720219992064,positive
975272725957828608,neutral
975272732303609856,neutral
975272776541057025,positive
975272776671035392,positive
975272798095474688,neutral
975272853313589248,positive
975272868958392320,positive
975272935962365952,positive
975272976370171905,positive
975272985044176898,positive
975272990152712192,positive
975273001934467072,neutral
975273030183211008,positive
975273091537489920,positive
975273135737012224,positive
975273137490333697,neutral
975273139943899136,neutral
975273140447272960,neutral
975273147229458432,neutral
975273165147557889,neutral
975273172135112704,positive
975273194784305152,neutral
975273202242015232,positive
975273284915798016,positive
975273303026761728,neutral
975273315559444480,neutral
975273368562802688,neutral
975273417145569280,positive
975273427278835712,neutral
975273432198852608,positive
975273517007519746,neutral
975273635350024192,neutral
975273677767036928,positive
975273706397360128,neutral
975273817504468993,positive
975273826564165632,positive
975273859753697280,positive
975273895170400256,positive
975273915022020609,positive
975273928884092928,positive
975273931434266625,neutral
975274044303007744,positive
975274058848731136,neutral
975274073059155969,positive
975274137831821313,neutral
975274179690934272,neutral
975274214004527104,positive
975274215241846784,neutral
975274320212537344,neutral
975274374541357056,positive
975274409714962432,positive
975274426987089920,positive
975274464668631040,neutral
975274480674267136,positive
975274485354971136,positive
975274642507288576,neutral
975274650279190532,positive
975274658151804928,positive
975274715681042432,positive
975274816289869824,positive
975274818055450624,neutral
975274866990616576,positive
975274871512096773,positive
975274883214127104,positive
975274949060554752,positive
975274988336041986,positive
975275028617953280,neutral
975275046133366784,neutral
975275048817672192,positive
975275058842210305,positive
975275147115429889,positive
975275189100470272,positive
975275426946822144,positive
975275482831728641,neutral
975275508161236992,positive
975275545750593536,positive
975275639476572160,positive
975275649194647553,neutral
975275659781009408,neutral
975275665607061504,neutral
975275676201754624,neutral
975275694740553728,positive
975275713682116608,neutral
975275715879780352,neutral
975275776403787776,neutral
975275916363517952,neutral
975275978481065985,neutral
975275988752924672,neutral
975276026589843457,neutral
975276027814596609,positive
975276104658305024,positive
975276127185985537,positive
975276135096360960,positive
975276148828418048,positive
975276192470220800,positive
975276221217959937,positive
975276229430534144,neutral
975276244760780800,positive
975276258446729216,positive
975276272757723136,positive
975276317993263104,neutral
975276490475569153,neutral
975276517310779393,neutral
975276534129885184,positive
975276581445763072,positive
975276600945098753,neutral
975276610449494016,positive
975276630368112640,neutral
975276799650422784,positive
975276820135272448,neutral
975276871297400833,positive
975276887562997761,neutral
975276902712823808,positive
975276998619750402,positive
975277002218508288,positive
975277027132624897,neutral
975277029636517888,neutral
975277046220734465,positive
975277135609901056,positive
975277136289419264,neutral
975277147538341888,neutral
975277176756015104,neutral
975277188915187712,positive
975277207961645056,positive
975277271115157504,positive
975277312580169728,positive
975277325985157120,positive
975277388266442752,neutral
975277399830159360,positive
975277407623098368,neutral
975277536102973441,neutral
975277540657922048,neutral
975277617174720512,positive
975277661756051456,positive
975277660904611841,neutral
975277698741227521,positive
975277705016070144,neutral
975277706525990912,neutral
975277790118346753,neutral
975277821005389825,neutral
975277863237660673,neutral
975277888084717568,neutral
975277890710335488,neutral
975277902164979713,neutral
975277903817596928,positive
975277923119792128,neutral
975277949506277377,positive
975277977062711303,neutral
975277990119661570,neutral
975278005730725888,neutral
975278077570887680,positive
975278154959880192,positive
975278189609037824,neutral
975278225885671424,positive
975278258777460736,positive
975278325273890816,negative
975278351027003392,neutral
975278388033105925,positive
975278468027043840,neutral
975278500511911937,neutral
975278617264496640,neutral
975278639779590145,neutral
975278765432496128,neutral
975278776291659776,positive
975278922551066624,positive
975278935310204928,positive
975278981456060421,positive
975279041786781696,neutral
975279071666974720,positive
975279137165254656,positive
975279184351129600,positive
975279211870064640,positive
975279276277817345,positive
975279304119525376,positive
975279323589431297,neutral
975279363020161024,neutral
975279397707038721,positive
975279439847227394,positive
975279473481342976,positive
975279617199300608,neutral
975279623285059586,positive
975279658093563904,neutral
975279660366888961,positive
975279669938278400,neutral
975279676385087488,positive
975279704038084608,neutral
975279823621849088,positive
975279850272550912,positive
975279864252063744,neutral
975279890596548608,positive
975279899567996928,positive
975279910779609089,positive
975279921898680320,positive
975279954656194560,neutral
975279957474725888,positive
975279978148491264,positive
975279988420292608,positive
975279990089637889,positive
975280001493946368,positive
975280026240409600,positive
975280031608877056,positive
975280047434158080,positive
975280063473180672,positive
975280082561351680,positive
975280089100374018,positive
975280183388332032,positive
975280207723548672,neutral
975280213855682560,positive
975280219048292352,positive
975280245031907328,positive
975280297133723648,neutral
975280309200564224,positive
975280368851943425,positive
975280448443224064,positive
975280471897645056,positive
975280477891252224,positive
975280494387585024,neutral
975280511789813763,neutral
975280523374362624,positive
975280528806039553,neutral
975280531368763392,positive
975280539946004482,neutral
975280542257213440,positive
975280583663280128,positive
975280586091724800,positive
975280587673145344,positive
975280601526829057,positive
975280645223088128,neutral
975280645013495808,positive
975280645810343936,positive
975280645403566081,neutral
975280683265527808,positive
975280686147035137,neutral
975280710809505792,neutral
975280717889499136,positive
975280735195086848,positive
975280736990318593,neutral
975280737841766401,positive
975280795911831552,positive
975280814085824512,positive
975280818108223489,positive
975280821643837440,positive
975280822428323841,positive
975280834730168321,positive
975280847162048512,positive
975280860273537024,positive
975280863104692225,positive
975280867143647233,positive
975280874378944514,positive
975280897116327936,positive
975280915659264000,neutral
975280929924141056,neutral
975280930523893760,neutral
975280982172553216,positive
975281010622558208,positive
975281019564806145,positive
975281043791065089,positive
975281048173998080,positive
975281055199584256,neutral
975281073532829696,positive
975281079417368577,positive
975281102477672448,positive
975281108806811649,positive
975281141723824130,positive
975281152607989760,positive
975281157662232576,positive
975281162670223360,positive
975281171834818560,positive
975281193443880961,positive
975281205347221504,neutral
975281207230558208,neutral
975281220593500160,positive
975281264214323201,neutral
975281292668317697,positive
975281327833567237,positive
975281379603656705,positive
975281390315950080,positive
975281418724032512,neutral
975281423115587584,positive
975281447136210945,positive
975281473346588672,positive
975281495647506433,neutral
975281512429096960,positive
975281573770620928,neutral
975281587469332485,positive
975281588052348928,positive
975281628833398785,positive
975281646315491328,positive
975281652829048832,positive
975281662140518400,positive
975281669019234304,positive
975281678158647296,positive
975281701327908865,neutral
975281788120477699,positive
975281824019730432,positive
975281906752335873,positive
975281912129269761,positive
975281917699399684,positive
975281919402311682,neutral
975281994702643200,neutral
975282077947088896,neutral
975282081390583808,positive
975282119336394753,positive
975282166769836032,neutral
975282175259136000,positive
975282187745595392,positive
975282206083047425,positive
975282226354155520,positive
975282248063832064,positive
975282270805348352,positive
975282282452762625,neutral
975282291806294016,positive
975282305362116609,neutral
975282362723401728,neutral
975282373385490432,positive
975282416288960512,positive
975282446676774913,positive
975282476695171072,positive
975282489047609346,neutral
975282508962189312,neutral
975282541602136064,positive
975282564058492929,neutral
975282614444724224,neutral
975282653913006081,positive
975282689443094528,neutral
975282692362301440,neutral
975282695067656192,positive
975282702105677825,positive
975282733881741312,positive
975282732929572864,neutral
975282743620833280,positive
975282760175714304,neutral
975282760959979520,positive
975282765099864064,positive
975282769424146432,positive
975282794090856449,positive
975282821039206400,positive
975282890287165441,positive
975282937485840385,neutral
975282967093288960,positive
975283045363322880,positive
975283049977077760,positive
975283054435422208,positive
975283063482613760,positive
975283144512294913,positive
975283174015209472,positive
975283189278236672,positive
975283211419840512,positive
975283265820151808,neutral
975283289157197824,positive
975283323483369472,positive
975283336917774336,neutral
975283345545400320,positive
975283355305566209,neutral
975283380429512704,positive
975283402143420416,positive
975283455549411328,neutral
975283478647463936,positive
975283490903162881,negative
975283522578468864,neutral
975283537015271424,positive
975283638140096512,positive
975283646578835456,positive
975283683182632960,positive
975283684973592577,positive
975283690572955648,neutral
975283690791038977,neutral
975283703877439489,positive
975283714572869632,neutral
975283718599274496,neutral
975283720793022464,neutral
975283723376709633,neutral
975283761293287424,positive
975283763230879745,positive
975283784714194944,positive
975283804993720320,positive
975283826317582336,positive
975283859817246721,positive
975283867581140993,positive
975283872601489408,positive
975283877932609536,positive
975283925835702278,neutral
975283942608834562,positive
975283969427062785,positive
975283992462266368,neutral
975283992877350912,positive
975284000070782978,positive
975284040092790784,positive
975284053334163456,neutral
975284130089848832,neutral
975284178127413249,positive
975284215783727104,positive
975284223899824128,positive
975284274424401920,positive
975284294766665728,neutral
975284314953875457,positive
975284358218174464,neutral
975284368871739392,positive
975284369232465920,positive
975284418381217792,positive
975284426400784384,positive
975284433862496257,neutral
975284443979141120,positive
975284447384813569,positive
975284455542726657,positive
975284468515835904,positive
975284493933252608,neutral
975284495967490048,neutral
975284510957776897,neutral
975284521351364608,positive
975284535511404544,positive
975284555501461504,positive
975284557904826368,positive
975284561641799680,neutral
975284576464654336,positive
975284626649505793,positive
975284656038756353,positive
975284667145441280,positive
975284673088692226,positive
975284710845722625,positive
975284723831492608,positive
975284742965874693,neutral
975284742839926786,positive
975284788868329472,neutral
975284800822087680,positive
975284841116831744,positive
975284865498193920,neutral
975284865884028928,neutral
975284872506900480,positive
975284922687610881,positive
975284942677536768,positive
975284965922320384,neutral
975284978421465088,positive
975285013506920448,neutral
975285044871774210,neutral
975285059828645888,positive
975285078325592064,positive
975285109174820864,positive
975285121359245320,positive
975285129902833664,neutral
975285133346353152,positive
975285149515571201,positive
975285151851827200,neutral
975285157597982720,positive
975285163235127296,neutral
975285176162021376,positive
975285191777357824,positive
975285205471723520,neutral
975285213235503105,neutral
975285226166538240,positive
975285229119262720,positive
975285283188068352,positive
975285279614480385,neutral
975285290767011842,positive
975285301093523456,positive
975285327756775424,positive
975285327739981825,neutral
975285345733443584,positive
975285363487932416,positive
975285381179559938,positive
975285397604495360,positive
975285419267956737,positive
975285430831734785,positive
975285436695289856,positive
975285500784209920,positive
975285552231706624,neutral
975285581830918144,positive
975285620766539776,positive
975285635064975361,neutral
975285641276723200,positive
975285671018598401,neutral
975285675334316032,positive
975285710105100288,positive
975285722448986112,neutral
975285755869310976,neutral
975285809652871169,positive
975285814249836544,positive
975285833015050240,positive
975285846239731712,positive
975285846206107650,positive
975285870566678528,positive
975285878074609664,neutral
975285911486435328,positive
975285917752709121,positive
975285928792084480,positive
975285963038470144,neutral
975285989244518400,positive
975285998857936898,neutral
975286013957259264,neutral
975286024782872577,neutral
975286032307400704,positive
975286064893038593,positive
975286077543014400,positive
975286240323891201,positive
975286255461249024,positive
975286255322775552,neutral
975286289762316289,positive
975286356783058944,positive
975286367633600513,positive
975286379277111297,positive
975286409044156421,neutral
975286411887755266,positive
975286414538665984,positive
975286454728314880,neutral
975286462596943872,neutral
975286498990833664,neutral
975286514929340416,positive
975286516443426816,neutral
975286525456986112,positive
975286556679426048,positive
975286640607457280,positive
975286711004483585,neutral
975286715228319744,neutral
975286770995744768,positive
975286831850770437,positive
975286844689715200,neutral
975286922523398144,positive
975286979737763841,positive
975287029960445952,positive
975287069386989568,positive
975287280326897664,positive
975287280591147009,neutral
975287289592020992,positive
975287292821721088,neutral
975287293073379328,positive
975287315001237504,neutral
975287318968971264,neutral
975287321993121792,positive
975287322966220800,neutral
975287337377660928,positive
975287375696945152,positive
975287380860133377,positive
975287385314373632,positive
975287396035121152,positive
975287424652738560,neutral
975287444479315968,neutral
975287531796299776,positive
975287532798730240,neutral
975287541208403968,positive
975287596774404096,positive
975287605116874753,positive
975287706984042497,positive
975287708796014593,positive
975287709261582338,positive
975287704354095104,positive
975287718933508097,positive
975287720493826048,neutral
975287726550351872,neutral
975287731520602114,positive
975287733470969856,positive
975287738227245056,neutral
975287744871022594,positive
975287746326646784,positive
975287818074443776,neutral
975287843361820673,positive
975287851859529728,positive
975287861917429761,positive
975287881471348736,neutral
975287881991417856,positive
975287885522984960,positive
975287887615979520,positive
975287892070219776,positive
975287924920016896,positive
975287949330960384,positive
975288071951454208,positive
975288091421396993,neutral
975288110526468096,positive
975288111583383552,positive
975288121578459136,positive
975288130126348290,positive
975288133620133889,positive
975288153450958853,positive
975288153497010176,positive
975288171268227072,positive
975288180802023424,positive
975288202687864832,positive
975288243448053762,positive
975288248233877504,positive
975288263085879296,positive
975288264151224321,positive
975288278290137089,positive
975288281381433344,positive
975288282241216512,neutral
975288347777171456,neutral
975288349845086208,positive
975288366462881792,positive
975288395986493444,neutral
975288421039013889,neutral
975288427749949440,neutral
975288456187449345,positive
975288458653478912,negative
975288550961958912,neutral
975288568737386496,neutral
975288584973537282,positive
975288587649519616,positive
975288621409472513,neutral
975288624412614656,positive
975288672890351616,neutral
975288700916572161,positive
975288701621358592,positive
975288702942445568,positive
975288707065491457,neutral
975288718398431232,neutral
975288719073824768,positive
975288792260034560,neutral
975288812338335744,positive
975288899777024003,positive
975288943007686657,positive
975288950410457088,positive
975288965543555073,neutral
975288986024529920,negative
975289006341677056,neutral
975289012888862720,positive
975289044425953281,neutral
975289059785527296,positive
975289093494996993,neutral
975289102105968641,positive
975289115607384064,positive
975289217130496000,neutral
975289235304517633,neutral
975289279487164416,neutral
975289352522747904,positive
975289357627162624,neutral
975289364250071040,positive
975289385401790464,positive
975289412279029760,positive
975289420797661184,neutral
975289444143190016,neutral
975289460857409537,positive
975289470143442945,neutral
975289476648873984,neutral
975289533582401536,neutral
975289563584389121,positive
975289580541923328,positive
975289678633910272,neutral
975289776453640192,positive
975289858871656449,positive
975289900961447937,positive
975289952203411457,positive
975289959790804992,neutral
975289975204823040,positive
975290037570031618,positive
975290088295866368,positive
975290090607075328,neutral
975290104037236736,neutral
975290104364261377,positive
975290114036428800,neutral
975290134227771392,positive
975290141911724032,neutral
975290195452022784,positive
975290206113935360,neutral
975290214238294019,positive
975290215580528640,neutral
975290221464989697,positive
975290226443776000,neutral
975290228142493697,neutral
975290229329485829,neutral
975290230491185152,positive
975290250078584832,neutral
975290264729411584,positive
975290275001225216,positive
975290276150423553,positive
975290280512430080,neutral
975290294248919040,positive
975290305074421760,positive
975290304906526720,positive
975290322921107456,positive
975290345998069760,positive
975290402541637632,positive
975290441846403073,positive
975290451526864896,neutral
975290461546934272,positive
975290484905074690,positive
975290501527228417,neutral
975290520783040513,positive
975290562323599361,positive
975290566106693633,positive
975290591679410183,positive
975290627318517760,positive
975290628266369024,positive
975290630258622466,neutral
975290698705534976,neutral
975290727696486400,positive
975290751289647105,positive
975290755815272448,positive
975290808516726784,neutral
975290847204753408,positive
975290895724498945,positive
975290904352251904,positive
975290942352707584,positive
975290953731858432,positive
975290968617361408,positive
975290976838172672,positive
975291009524424704,positive
975291035218792448,positive
975291084564844544,neutral
975291106823999489,neutral
975291131989807105,neutral
975291131398418433,neutral
975291218870652928,positive
975291308133646336,positive
975291323153567745,positive
975291327083634688,positive
975291343109935104,positive
975291346201309184,neutral
975291350277959681,neutral
975291413880623114,neutral
975291444750565376,neutral
975291474509262848,positive
975291537339789312,positive
975291556826681344,positive
975291563982180352,positive
975291594130776065,positive
975291599881195520,positive
975291601806397440,positive
975291615781707776,neutral
975291661843447809,positive
975291724674281472,neutral
975291726700085248,positive
975291733360742400,positive
975291757498961921,positive
975291818802741248,positive
975291849626746881,positive
975291851279425536,neutral
975291897425035264,positive
975291899442429952,positive
975291908024025088,neutral
975291914403512320,neutral
975291918027407361,neutral
975291919059202048,positive
975291922397904896,positive
975291924394401793,positive
975291926969704448,positive
975291929293242368,neutral
975291931688288256,neutral
975291934628495360,neutral
975291935983247360,neutral
975291964831670273,positive
975291966161326080,positive
975291971311980544,positive
975291980245848064,positive
975291992329596928,positive
975292024088940544,neutral
975292043298684928,positive
975292074420404224,neutral
975292112634724352,neutral
975292132226342916,positive
975292146428338177,positive
975292181752709120,positive
975292189012930560,neutral
975292198911709184,positive
975292208893984768,neutral
975292254641369089,positive
975292277018054658,neutral
975292307519000576,positive
975292338510712832,neutral
975292387835744256,positive
975292417904664577,neutral
975292463488405504,positive
975292494693916672,positive
975292521214595072,positive
975292528428797952,neutral
975292535655550976,positive
975292559814672384,positive
975292597186060288,positive
975292606270857216,positive
975292619398918144,positive
975292641238687744,neutral
975292692795133952,neutral
975292853718052865,neutral
975292962409082880,positive
975293041023037440,positive
975293052817420288,neutral
975293057091489792,positive
975293106823233536,positive
975293110732324865,positive
975293112728932352,positive
975293131053727744,positive
975293146111160320,neutral
975293146690039809,neutral
975293158711025664,neutral
975293164776026112,positive
975293207050297344,neutral
975293307034198016,positive
975293334812946432,positive
975293356862509063,positive
975293363351011329,positive
975293397865938944,positive
975293424600526848,positive
975293425300967424,positive
975293432406175749,neutral
975293438454321153,positive
975293454786940928,neutral
975293497686204416,positive
975293499699441664,positive
975293502606147584,positive
975293523720155136,neutral
975293534654918656,positive
975293565193588737,positive
975293581358444544,positive
975293732269379586,positive
975293757875806209,positive
975293759872053248,positive
975293797969035264,positive
975293862280400896,positive
975293891510349824,neutral
975293902210002944,neutral
975293908686163969,neutral
975293921239605249,positive
975293924452519937,positive
975293946661306368,positive
975293983093116928,neutral
975293998553292800,neutral
975294007885615104,neutral
975294036163604480,positive
975294051829407744,positive
975294101963902976,neutral
975294105411518464,neutral
975294150185816064,neutral
975294150617829376,positive
975294161090957312,positive
975294164903620609,positive
975294203788894208,positive
975294220075438080,positive
975294243068678144,positive
975294257001988097,positive
975294270520381440,positive
975294368658657282,positive
975294371246600193,positive
975294389659537408,neutral
975294404612317185,positive
975294405761536000,positive
975294424241483776,positive
975294434668560384,positive
975294497222377472,neutral
975294498061168640,positive
975294498610675712,neutral
975294499940311040,neutral
975294502779830272,neutral
975294523067846656,neutral
975294526125477888,neutral
975294580173058048,neutral
975294588842725377,neutral
975294630286602240,neutral
975294667062480896,positive
975294675098759168,positive
975294675182551040,positive
975294704601452544,neutral
975294706845409280,neutral
975294724667006976,positive
975294732132904960,neutral
975294738327683072,positive
975294776714051584,neutral
975294836684328960,positive
975294855336341507,positive
975294866572939264,positive
975294880049254400,positive
975294936089223168,positive
975294949473140737,positive
975294959120257025,positive
975294963704528896,positive
975294984856440832,positive
975294999578411008,positive
975295006494748673,neutral
975295007321149441,neutral
975295031706714112,positive
975295060840468480,neutral
975295064581709825,neutral
975295090007699456,positive
975295090548789248,positive
975295116536672257,neutral
975295138489683970,neutral
975295171599458305,positive
975295201618034688,neutral
975295269247094784,positive
975295271902044161,positive
975295281448267776,positive
975295322984468480,positive
975295346107699200,neutral
975295356308160513,positive
975295364600418304,positive
975295369281179648,positive
975295391448084480,positive
975295411350106112,positive
975295447886712833,positive
975295455457431553,positive
975295502903402496,positive
975295546897379328,positive
975295597870833664,neutral
975295623439118336,neutral
975295643433521154,neutral
975295713365151744,positive
975295752023965696,positive
975295750266671104,positive
975295763210231808,neutral
975295771779182592,neutral
975295798488502272,positive
975295812874964992,positive
975295820978368519,positive
975295859075186688,neutral
975295878763352064,positive
975295883796348929,positive
975295907062341632,positive
975295907896766464,neutral
975295947361148928,positive
975295961265090560,neutral
975295970173845504,neutral
975295980575821825,positive
975295986938490880,neutral
975296013152894977,neutral
975296021042376705,positive
975296025509466112,neutral
975296035114242050,neutral
975296036024606720,neutral
975296082228817920,positive
975296090470789121,positive
975296093712887808,neutral
975296124939456512,neutral
975296175149649921,positive
975296182363635714,neutral
975296201288400896,positive
975296199073841152,neutral
975296206015381504,positive
975296210591346688,positive
975296240358494208,neutral
975296261422288896,neutral
975296262915461121,neutral
975296264404422656,neutral
975296265440305152,neutral
975296265763225600,neutral
975296278346125312,neutral
975296286973837312,neutral
975296309677776896,positive
975296314324824064,neutral
975296330171146241,positive
975296340421832705,neutral
975296414707105792,neutral
975296447301259266,positive
975296532437225472,neutral
975296539617669122,positive
975296565400059906,neutral
975296575428808704,neutral
975296577614090240,positive
975296602976919553,neutral
975296606911287297,positive
975296616050675712,positive
975296627362684928,positive
975296651639345154,positive
975296655334535169,positive
975296658077609984,neutral
975296664733978624,positive
975296677451059200,positive
975296688033320960,positive
975296697722011648,neutral
975296697961189376,positive
975296714385993728,neutral
975296719607939072,neutral
975296780383473664,positive
975296787257876481,neutral
975296804118921216,neutral
975296821567377408,neutral
975296821290450945,neutral
975296846796124160,positive
975296868031791104,positive
975296885761105921,neutral
975296898889269248,neutral
975296911128256513,neutral
975296913250619392,positive
975296926131273728,neutral
975296934561898496,positive
975296942635929601,positive
975296955046879233,positive
975296960105254913,positive
975296983501103105,positive
975296996989812737,positive
975297015138590720,neutral
975297053814292480,positive
975297078242021376,neutral
975297120843448321,neutral
975297124341514241,positive
975297156394336257,positive
975297169052729344,neutral
975297185335058432,neutral
975297214175219712,positive
975297234592980994,neutral
975297260249497600,neutral
975297264632578048,neutral
975297296228388864,neutral
975297382530285573,neutral
975297401362657280,neutral
975297429590470657,positive
975297433394601984,positive
975297451790802944,neutral
975297453179199488,neutral
975297488054661120,neutral
975297514223042561,neutral
975297523731505152,neutral
975297526134951937,neutral
975297542803083264,neutral
975297556140892167,neutral
975297595944898560,positive
975297616119586816,neutral
975297623178461185,neutral
975297623933374466,positive
975297638965882880,positive
975297661698965505,neutral
975297682641072133,positive
975297691780567040,positive
975297699686699008,neutral
975297748290363392,neutral
975297817399902208,neutral
975297819442647042,neutral
975297819933253632,neutral
975297853538041856,positive
975297861746417664,positive
975297918956593157,neutral
975297919241764864,neutral
975297929874255872,neutral
975297942482497537,positive
975297959435759617,positive
975297960408854528,neutral
975297974569000961,positive
975297984798666752,neutral
975297999138996225,neutral
975298024468615169,neutral
975298035310772224,neutral
975298070048059392,neutral
975298096673439744,positive
975298101333303297,neutral
975298105380876288,positive
975298119746408448,positive
975298182379917312,neutral
975298228290772994,positive
975298235052056577,positive
975298240160718848,positive
975298265380876289,positive
975298276495908866,positive
975298288478953474,neutral
975298334691921920,neutral
975298378425884672,neutral
975298389419216896,neutral
975298394263556096,positive
975298403490910208,positive
975298423913000961,positive
975298433144840192,neutral
975298433526349824,neutral
975298471849799680,neutral
975298475930935299,positive
975298479403749376,positive
975298484340338688,neutral
975298510022234112,neutral
975298518037430272,neutral
975298536454594560,neutral
975298555014533120,positive
975298596521299969,positive
975298618071633920,neutral
975298626187603969,neutral
975298658500595713,positive
975298663915360256,positive
975298696681279488,positive
975298713416617986,neutral
975298713613516801,neutral
975298720643342337,positive
975298736602558465,neutral
975298760489230336,positive
975298770366705664,positive
975298783842988032,positive
975298792374394880,positive
975298797889667072,neutral
975298804017651712,neutral
975298848720637952,positive
975298850847039488,neutral
975298902315249664,positive
975298918153183232,neutral
975298931864240128,neutral
975299005637734400,neutral
975299013044994049,positive
975299024168288256,positive
975299050743332864,neutral
975299061396811776,neutral
975299065490456576,positive
975299072905981952,positive
975299086818660353,positive
975299101779570689,neutral
975299103721705472,positive
975299105177075712,positive
975299111615283201,positive
975299112877752321,neutral
975299124391239681,positive
975299134952525824,positive
975299142346944513,positive
975299150370824193,neutral
975299169568088064,positive
975299189822377986,positive
975299205408309250,neutral
975299231757033472,positive
975299239608758273,positive
975299291613839360,neutral
975299296055742464,positive
975299309850603521,positive
975299312430276608,neutral
975299363164639232,positive
975299384207466498,positive
975299392172384256,positive
975299400493772800,neutral
975299420765016064,positive
975299457507123200,positive
975299504026062848,positive
975299508526571520,neutral
975299551119728641,neutral
975299555884486656,positive
975299555720941569,positive
975299571436974080,positive
975299577476669440,neutral
975299605318397952,neutral
975299649270616065,neutral
975299659630456832,positive
975299665556996096,neutral
975299681528856576,neutral
975299713317601280,positive
975299721827880962,positive
975299727829876737,positive
975299736109568000,positive
975299796620759041,positive
975299807702126593,positive
975299836990779392,positive
975299842082779138,positive
975299845027135488,positive
975299861070323712,neutral
975299889923088384,neutral
975299904766492674,neutral
975299909996855297,neutral
975299966053662720,neutral
975299981723680768,neutral
975300044374134784,positive
975300051386994689,positive
975300105682079744,neutral
975300144882057216,neutral
975300148808048640,neutral
975300165463547904,neutral
975300200376909824,neutral
975300202050588672,positive
975300202805395456,positive
975300280051957760,neutral
975300283260694528,positive
975300290814423040,neutral
975300299270377472,positive
975300310343102464,neutral
975300318060797953,neutral
975300325732159488,positive
975300332208111616,neutral
975300334368317440,neutral
975300353309765633,neutral
975300372246953986,neutral
975300389024227328,neutral
975300408179650561,neutral
975300413376417792,positive
975300421592940544,positive
975300423065243648,positive
975300440932876292,neutral
975300465939374080,positive
975300470888632321,neutral
975300498247925760,positive
975300502278766592,positive
975300562383245313,positive
975300566606807040,positive
975300575708332032,positive
975300577285386242,neutral
975300583698698241,neutral
975300588928884736,positive
975300592699666438,positive
